123;ATHENEE ADOLPHE MAX;BOULEVARD CLOVIS  40;1000;BRUXELLES;190;BOULEVARD CLOVIS  40;1000;BRUXELLES
126;ATHENEE ROBERT CATTEAU;RUE ERNEST ALLARD  49;1000;BRUXELLES;193;RUE ERNEST ALLARD  49;1000;BRUXELLES
127;ATHENEE LEON LEPAGE;RUE DES RICHES CLAIRES  30;1000;BRUXELLES;194;RUE DES RICHES CLAIRES  30;1000;BRUXELLES
130;LYCEE HENRIETTE DACHSBECK;RUE DE LA PAILLE  24;1000;BRUXELLES;198;RUE DE LA PAILLE  24;1000;BRUXELLES
132;INSTITUT SAINT-LOUIS;RUE DU MARAIS  113;1000;BRUXELLES;201;RUE DU MARAIS  113;1000;BRUXELLES
139;ATHENEE ROYAL GATTI DE GAMOND;RUE DU MARAIS  65;1000;BRUXELLES;213;RUE DU MARAIS  65;1000;BRUXELLES
141;LYCEE LA RETRAITE;RUE DES CONFEDERES  70;1000;BRUXELLES;216;RUE DES CONFEDERES  70;1000;BRUXELLES
142;INSTITUT DIDEROT;RUE DES CAPUCINS  58;1000;BRUXELLES;218;RUE DES CAPUCINS  58;1000;BRUXELLES
145;INSTITUT BISCHOFFSHEIM;RUE DE LA BLANCHISSERIE  52;1000;BRUXELLES;310;RUE DU CANAL  53;1000;BRUXELLES
3152;INSTITUT DE MOT-COUVREUR;PLACE DU NOUVEAU-MARCHE-AUX-GRAINS  24;1000;BRUXELLES;313;PLACE DU NOUVEAU-MARCHE-AUX-GRAINS  24;1000;BRUXELLES
3230;INSTITUT DOMINIQUE PIRE;RUE DE LENGLENTIER  6-14;1000;BRUXELLES;209;RUE DE LENGLENTIER  6-14;1000;BRUXELLES
3230;INSTITUT DOMINIQUE PIRE;RUE DE LENGLENTIER  6-14;1000;BRUXELLES;8996;RUE 'T KINT 28;1000;BRUXELLES
124;ATHENEE ROYAL DE LA RIVE GAUCHE;RUE MARIE-CHRISTINE  83;1020;LAEKEN;192;RUE MARIE-CHRISTINE  83;1020;LAEKEN
129;ATHENEE EMILE BOCKSTAEL;RUE REPER VREVEN  80;1020;BRUXELLES;197;RUE REPER VREVEN  80;1020;BRUXELLES
133;LYCEE MARIA ASSUMPTA;AVENUE WANNECOUTER 76;1020;LAEKEN;203;AVENUE WANNECOUTER  76;1020;LAEKEN
138;COLLEGE LA FRATERNITE - site Sainte-Ursule;RUE DE MOLENBEEK  173;1020;LAEKEN;210;RUE DE MOLENBEEK  173;1020;LAEKEN
140;ATHENEE ROYAL DE BRUXELLES II;RUE MARIE-CHRISTINE  37;1020;LAEKEN;215;RUE MARIE-CHRISTINE  37;1020;LAEKEN
143;INSTITUT PAUL-HENRI SPAAK;RUE ALFRED STEVENS  20;1020;BRUXELLES;221;RUE GUSTAVE DEMANET  84;1020;BRUXELLES
143;INSTITUT PAUL-HENRI SPAAK;RUE ALFRED STEVENS  20;1020;BRUXELLES;7449;RUE ALFRED STEVENS  20;1020;BRUXELLES
144;INSTITUT MARIS STELLA;RUE FELIX STERCKX  44;1020;LAEKEN;223;RUE FELIX STERCKX  44;1020;LAEKEN
185;INSTITUT NOTRE-DAME DE LOURDES;RUE EDMOND TOLLENAERE  32;1020;LAEKEN;295;RUE EDMOND TOLLENAERE  32;1020;LAEKEN
95314;ATHENEE MARGUERITE YOURCENAR;RUE CLAESSENS 10;1020;BRUXELLES;10147;RUE CLAESSENS 10;1020;BRUXELLES
222;COLLEGE ROI BAUDOUIN;AVENUE FELIX MARCHAL  62;1030;SCHAERBEEK;357;AVENUE FELIX MARCHAL  62;1030;SCHAERBEEK
419;ATHENEE ROYAL ALFRED VERWEE;RUE VERWEE  12;1030;SCHAERBEEK;770;RUE VERWEE  12;1030;SCHAERBEEK
420;ATHENEE COMMUNAL FERNAND BLUM;AVENUE ERNEST RENAN  12;1030;SCHAERBEEK;771;AVENUE DE ROODEBEEK  59;1030;SCHAERBEEK
420;ATHENEE COMMUNAL FERNAND BLUM;AVENUE ERNEST RENAN  12;1030;SCHAERBEEK;772;AVENUE ERNEST RENAN  12;1030;SCHAERBEEK
421;LYCEE COMMUNAL EMILE MAX;CHAUSSEE DE HAECHT  235;1030;SCHAERBEEK;773;AVENUE DAILLY  124;1030;SCHAERBEEK
421;LYCEE COMMUNAL EMILE MAX;CHAUSSEE DE HAECHT  235;1030;SCHAERBEEK;774;CHAUSSEE DE HAECHT  235;1030;SCHAERBEEK
422;CENTRE SCOLAIRE SAINTE-MARIE - LA SAGESSE;CHAUSSEE DE HAECHT  164;1030;SCHAERBEEK;775;CHAUSSEE DE HAECHT  164;1030;SCHAERBEEK
423;INSTITUT DE LA SAINTE-FAMILLE D'HELMET;RUE CHAUMONTEL  9;1030;SCHAERBEEK;776;RUE CHAUMONTEL  9;1030;SCHAERBEEK
428;INSTITUT TECHNIQUE CARDINAL MERCIER-NOTRE-DAME DU SACRE-COEUR;RUE PORTAELS 81;1030;SCHAERBEEK;785;RUE PORTAELS 81;1030;SCHAERBEEK
429;INSTITUT COMMUNAL TECHNIQUE FRANS FISCHER;RUE GENERAL EENENS  66;1030;SCHAERBEEK;788;RUE GENERAL EENENS  66;1030;SCHAERBEEK
432;INSTITUT SAINT-DOMINIQUE;RUE CAPORAL CLAES  38;1030;SCHAERBEEK;794;RUE CAPORAL CLAES  38;1030;SCHAERBEEK
3158;INSTITUT DE LA VIERGE FIDELE;PLACE DE JAMBLINNE DE MEUX  14;1030;SCHAERBEEK;778;PLACE DE JAMBLINNE DE MEUX  14;1030;SCHAERBEEK
128;LYCEE EMILE JACQMAIN;RUE BELLIARD  135 A;1040;BRUXELLES;196;RUE BELLIARD  135 A;1040;BRUXELLES
208;CENTRE SCOLAIRE SAINT-MICHEL;BOULEVARD SAINT-MICHEL  24;1040;ETTERBEEK;329;BOULEVARD SAINT-MICHEL  24;1040;ETTERBEEK
209;INSTITUT SAINT-JOSEPH D'ENSEIGNEMENT TECHNIQUE;RUE FELIX HAP  14;1040;ETTERBEEK;333;RUE FELIX HAP  14;1040;ETTERBEEK
210;CENTRE D'ENSEIGNEMENT SECONDAIRE D'ETTERBEEK ERNEST RICHARD;PLACE SAINT-PIERRE  5;1040;ETTERBEEK;335;PLACE SAINT-PIERRE  5;1040;ETTERBEEK
212;ATHENEE ROYAL JEAN ABSIL;AVENUE HANSEN SOULIE  27;1040;ETTERBEEK;340;AVENUE HANSEN SOULIE  27;1040;ETTERBEEK
213;INSTITUT DE L'ENFANT-JESUS;RUE GENERAL LEMAN  74;1040;ETTERBEEK;341;RUE GENERAL LEMAN  74;1040;ETTERBEEK
214;INSTITUT SAINT-STANISLAS;AVENUE DES NERVIENS  131;1040;ETTERBEEK;342;AVENUE DES NERVIENS  131;1040;ETTERBEEK
282;INSTITUT SAINT-BONIFACE- PARNASSE;RUE DU VIADUC  82;1050;IXELLES;458;RUE DU VIADUC  82;1050;IXELLES
283;'CENTRE SCOLAIRE MA CAMPAGNE;RUE AFRICAINE  3;1050;IXELLES;461;RUE DU PAGE  78;1050;IXELLES
286;COLLEGE SAINT-VINCENT SAINT-FRANCOIS;CHAUSSEE DE VLEURGAT  55;1050;IXELLES;463;RUE DES MERISIERS 7;1050;IXELLES
286;COLLEGE SAINT-VINCENT SAINT-FRANCOIS;CHAUSSEE DE VLEURGAT  55;1050;IXELLES;464;CHAUSSEE DE VLEURGAT  55;1050;IXELLES
287;INSTITUT SAINT-ANDRE;AVENUE DE L'HIPPODROME  180;1050;IXELLES;465;AVENUE DE L'HIPPODROME  180;1050;IXELLES
288;CENTRE SCOLAIRE EPERONNIERS-MERCELIS;RUE MERCELIS  36-38;1050;IXELLES;466;RUE MERCELIS  36-38;1050;IXELLES
290;ATHENEE COMMUNAL CHARLES JANSSENS;PLACE DE LONDRES  5;1050;IXELLES;474;PLACE DE LONDRES  5;1050;IXELLES
367;INSTITUT SAINT-JEAN-BAPTISTE DE LA SALLE;RUE MORIS  19;1060;SAINT-GILLES;691;AVENUE DE LA COURONNE  105;1050;IXELLES
4809;ATHENEE ROYAL D'IXELLES;RUE DE LA CROIX  40;1050;IXELLES;371;RUE DE LA CROIX  40;1050;IXELLES
365;ATHENEE ROYAL VICTOR HORTA;RUE DE LA RHETORIQUE  16;1060;SAINT-GILLES;688;RUE DE LA RHETORIQUE  16;1060;SAINT-GILLES
366;INSTITUT DES FILLES DE MARIE;RUE THEODORE VERHAEGEN  8;1060;SAINT-GILLES;689;RUE THEODORE VERHAEGEN  8;1060;SAINT-GILLES
367;INSTITUT SAINT-JEAN-BAPTISTE DE LA SALLE;RUE MORIS  19;1060;SAINT-GILLES;692;RUE MORIS  19;1060;SAINT-GILLES
369;CENTRE COMMUNAL D'ENSEIGNEMENT TECHNIQUE PIERRE PAULUS;RUE DE LA CROIX DE PIERRE  73;1060;SAINT-GILLES;699;RUE DE LA CROIX DE PIERRE  73;1060;SAINT-GILLES
29;INSTITUT DES SOEURS DE NOTRE-DAME;RUE DE VEEWEYDE  40;1070;ANDERLECHT;45;RUE DE VEEWEYDE  40;1070;ANDERLECHT
30;INSTITUT NOTRE-DAME;RUE DE FIENNES  66;1070;ANDERLECHT;46;RUE DE FIENNES  66;1070;ANDERLECHT
31;ECOLE SECONDAIRE BRACOPS-LAMBERT 1 ER DEGRE AUTONOME;AVENUE BERTAUX  45;1070;ANDERLECHT;48;AVENUE BERTAUX  45;1070;ANDERLECHT
32;ATHENEE MAIMONIDE;BOULEVARD POINCARE  67;1070;ANDERLECHT;49;BOULEVARD POINCARE  67;1070;ANDERLECHT
33;ATHENEE ROYAL LEONARDO DA VINCI;RUE CHOME-WYNS  5;1070;ANDERLECHT;51;RUE CHOME-WYNS  5;1070;ANDERLECHT
35;INSTITUT COMMUNAL MARIUS RENARD;RUE GEORGES MOREAU  107;1070;ANDERLECHT;56;RUE GEORGES MOREAU  107;1070;ANDERLECHT
37;INSTITUT MARIE IMMACULEE - MONTJOIE (I.M.M.I.);RUE DES RESEDAS  51;1070;ANDERLECHT;59;RUE DES RESEDAS  51;1070;ANDERLECHT
38;INSTITUT REDOUTE-PEIFFER;AVENUE MARIUS RENARD  1;1070;ANDERLECHT;58;AVENUE MARIUS RENARD  1;1070;ANDERLECHT
3156;ATHENEE BRACOPS-LAMBERT;RUE DE LA PROCESSION  78;1070;ANDERLECHT;43;RUE DE LA PROCESSION  78;1070;ANDERLECHT
3198;INSTITUT EMILE GRYSON;AVENUE EMILE GRYSON  1;1070;ANDERLECHT;52;AVENUE EMILE GRYSON  1;1070;ANDERLECHT
5983;COLLEGE LES TOURNESOLS;BOULEVARD MAURICE HERBETTE  24;1070;ANDERLECHT;8205;BOULEVARD MAURICE HERBETTE  24;1070;ANDERLECHT
347;ATHENEE ROYAL SERGE CREUZ;AVENUE DU SIPPELBERG  2;1080;MOLENBEEK-SAINT-JEAN;655;AVENUE DU SIPPELBERG  2;1080;MOLENBEEK-SAINT-JEAN
347;ATHENEE ROYAL SERGE CREUZ;AVENUE DU SIPPELBERG  2;1080;MOLENBEEK-SAINT-JEAN;657;RUE DE LA PROSPERITE  14;1080;MOLENBEEK-SAINT-JEAN
347;ATHENEE ROYAL SERGE CREUZ;AVENUE DU SIPPELBERG  2;1080;MOLENBEEK-SAINT-JEAN;660;CHAUSSEE DE GAND  49;1080;MOLENBEEK-SAINT-JEAN
352;CAMPUS SAINT-JEAN;RUE DE BIRMINGHAM 41;1080;MOLENBEEK-SAINT-JEAN;663;RUE DE BIRMINGHAM 41;1080;MOLENBEEK-SAINT-JEAN
326;ATHENEE ROYAL DE KOEKELBERG;RUE OMER LEPREUX  15;1081;KOEKELBERG;629;RUE OMER LEPREUX  15;1081;KOEKELBERG
327;INSTITUT DES URSULINES;RUE JULES DEBECKER  71;1081;KOEKELBERG;676;RUE JULES DEBECKER  71;1081;KOEKELBERG
261;COLLEGE DU SACRE-COEUR;RUE LOUIS DELHOVE  65;1083;GANSHOREN;432;RUE LOUIS DELHOVE  65;1083;GANSHOREN
262;CENTRE SCOLAIRE NOTRE-DAME DE LA SAGESSE;AVENUE VAN OVERBEKE  10;1083;GANSHOREN;434;AVENUE VAN OVERBEKE  10;1083;GANSHOREN
263;ATHENEE ROYAL DE GANSHOREN;RUE AUGUSTE DE COCK  1;1083;GANSHOREN;435;RUE AUGUSTE DE COCK  1;1083;GANSHOREN
317;ATHENEE ROYAL DE JETTE;AVENUE DE LEVIS MIREPOIX  100;1090;JETTE;617;AVENUE DE LEVIS MIREPOIX  100;1090;JETTE
318;CENTRE SCOLAIRE DU SACRE-CŒUR ;AVENUE DU SACRE-COEUR  8;1090;JETTE;618;AVENUE DU SACRE-COEUR  8;1090;JETTE
319;COLLEGE SAINT-PIERRE;RUE JEAN-BAPTISTE VERBEYST  25;1090;JETTE;619;RUE JEAN-BAPTISTE VERBEYST  25;1090;JETTE
134;ATHENEE DES PAGODES;RUE DE BEYSEGHEM  141;1120;BRUXELLES;204;RUE DE BEYSEGHEM  141;1120;BRUXELLES
95313;COLLEGE DES ETOILES;RUE DE LA GRENOUILLETTE 2 G ;1130;HAREN;10151;RUE DE LA GRENOUILLETTE 2 G ;1130;HAREN
231;ATHENEE ROYAL D'EVERE;AVENUE CONSTANT PERMEKE  2;1140;EVERE;375;AVENUE CONSTANT PERMEKE  2;1140;EVERE
539;ATHENEE ROYAL CROMMELYNCK;AVENUE ORBAN  73;1150;WOLUWE-SAINT-PIERRE;971;AVENUE ORBAN  73;1150;WOLUWE-SAINT-PIERRE
540;COLLEGE JEAN XXIII;BOULEVARD DE LA WOLUWE  22;1150;WOLUWE-SAINT-PIERRE;972;BOULEVARD DE LA WOLUWE  22;1150;WOLUWE-SAINT-PIERRE
541;LYCEE MATER DEI;AVENUE DE L'AVIATION  72;1150;WOLUWE-SAINT-PIERRE;973;AVENUE DE L'AVIATION  72;1150;WOLUWE-SAINT-PIERRE
542;INSTITUT DON BOSCO;AVENUE DU VAL D'OR  90 D;1150;WOLUWE-SAINT-PIERRE;974;AVENUE DU VAL D'OR  90 D;1150;WOLUWE-SAINT-PIERRE
543;CENTRE SCOLAIRE EDDY MERCKX;AVENUE SALOME  2;1150;WOLUWE-SAINT-PIERRE;9731;RUE AU BOIS 369;1150;WOLUWE-SAINT-PIERRE
60;ATHENEE ROYAL D'AUDERGHEM;AVENUE DU PARC DE WOLUWE 25-27;1160;AUDERGHEM;103;AVENUE DU PARC DE WOLUWE  27;1160;AUDERGHEM
61;INSTITUT SAINT-JULIEN-PARNASSE;AVENUE DE L'EGLISE SAINT-JULIEN  22;1160;AUDERGHEM;104;AVENUE DE L'EGLISE SAINT-JULIEN  22;1160;AUDERGHEM
291;CENTRE SCOLAIRE SAINT-ADRIEN - VAL DUCHESSE;RUE SCHOOLGAT  5;1050;IXELLES;475;BOULEVARD DU SOUVERAIN  201;1160;AUDERGHEM
95372;DE L'AUTRE COTE DE L'ECOLE;CHAUSSEE DE WAVRE 1789;1160;AUDERGHEM;10280;CHAUSSEE DE WAVRE 1789;1160;AUDERGHEM
60;ATHENEE ROYAL D'AUDERGHEM;AVENUE DU PARC DE WOLUWE 25-27;1160;AUDERGHEM;911;RUE DE LA BERGERETTE;1170;WATERMAEL-BOITSFORT
492;COLLEGE SAINT-HUBERT;AVENUE CHARLE-ALBERT  9;1170;WATERMAEL-BOITSFORT;910;AVENUE CHARLE-ALBERT  9;1170;WATERMAEL-BOITSFORT
494;INSTITUT DE L'ASSOMPTION;AVENUE ALFRED SOLVAY  4;1170;WATERMAEL-BOITSFORT;912;AVENUE ALFRED SOLVAY  4;1170;WATERMAEL-BOITSFORT
37;INSTITUT MARIE IMMACULEE - MONTJOIE (I.M.M.I.);RUE DES RESEDAS  51;1070;ANDERLECHT;855;AVENUE MONTJOIE  93-95;1180;UCCLE
460;ATHENEE ROYAL D'UCCLE I;AVENUE HOUZEAU  87;1180;UCCLE;854;AVENUE HOUZEAU  87;1180;UCCLE
462;ECOLE DECROLY;DREVE DES GENDARMES  45;1180;UCCLE;856;DREVE DES GENDARMES  45;1180;UCCLE
463;COLLEGE SAINT-PIERRE;AVENUE COGHEN  213;1180;UCCLE;858;AVENUE COGHEN  213;1180;UCCLE
464;CENTRE D'ENSEIGNEMENT SECONDAIRE LIBRE NOTRE-DAME DES CHAMPS;RUE EDITH CAVELL  143;1180;UCCLE;859;RUE EDITH CAVELL  143;1180;UCCLE
465;ATHENEE ROYAL D'UCCLE II;AVENUE DES TILLEULS  24;1180;UCCLE;860;AVENUE DES TILLEULS  24;1180;UCCLE
466;INSTITUT SAINT-VINCENT DE PAUL;PLACE JEAN VANDER ELST  25;1180;UCCLE;862;PLACE JEAN VANDER ELST  25;1180;UCCLE
480;ATHENEE GANENOU;RUE DU MELKRIEK  3;1180;UCCLE;890;RUE DU MELKRIEK  3;1180;UCCLE
95343;ECOLE ACTIVE;RUE DE STALLE 70-82;1180;UCCLE;10190;RUE DE STALLE 70-82;1180;UCCLE
246;ATHENEE ROYAL ANDREE THOMAS;AV REINE MARIE-HENRIETTE  47;1190;FOREST;402;AV REINE MARIE-HENRIETTE  47;1190;FOREST
249;INSTITUT SAINTE-URSULE;AVENUE DES ARMURES  39;1190;FOREST;409;AVENUE DES ARMURES  39;1190;FOREST
466;INSTITUT SAINT-VINCENT DE PAUL;PLACE JEAN VANDER ELST  25;1180;UCCLE;863;AV FONTAINE VANDERSTRAETEN  11;1190;FOREST
513;ATHENEE ROYAL WOLUWE-SAINT-LAMBERT;RUE DE L'ATHENEE ROYAL  75-77;1200;WOLUWE-SAINT-LAMBERT;936;RUE DE L'ATHENEE ROYAL  75-77;1200;WOLUWE-SAINT-LAMBERT
514;CENTRE SCOLAIRE DU SACRE-COEUR DE LINDTHOUT;AVENUE DES DEUX TILLEULS  2;1200;WOLUWE-SAINT-LAMBERT;937;AVENUE DES DEUX TILLEULS  2;1200;WOLUWE-SAINT-LAMBERT
515;COLLEGE DON BOSCO;CHAUSSEE DE STOCKEL  270;1200;WOLUWE-SAINT-LAMBERT;938;CHAUSSEE DE STOCKEL  270;1200;WOLUWE-SAINT-LAMBERT
517;INSTITUT DES DAMES DE MARIE;RUE VERGOTE  40;1200;WOLUWE-SAINT-LAMBERT;940;RUE VERGOTE  40;1200;WOLUWE-SAINT-LAMBERT
519;INSTITUT DE LA PROVIDENCE;RUE DES DEPORTES  42;1200;WOLUWE-SAINT-LAMBERT;943;RUE DES DEPORTES  42;1200;WOLUWE-SAINT-LAMBERT
388;CENTRE SCOLAIRE DES DAMES DE MARIE-HAECHT-PHILOMENE-LIMITE;CHAUSSEE DE HAECHT  68;1210;SAINT-JOSSE-TEN-NOODE;732;CHAUSSEE DE HAECHT  68;1210;SAINT-JOSSE-TEN-NOODE
390;LYCEE GUY CUDELL;RUE DE LIEDEKERKE  66;1210;SAINT-JOSSE-TEN-NOODE;734;RUE DE LIEDEKERKE  66;1210;SAINT-JOSSE-TEN-NOODE
667;ATHENEE ROYAL DE RIXENSART;RUE ALBERT CROY  14;1330;RIXENSART;1255;AVENUE HENRI LEPAGE  4-6;1300;WAVRE
707;COLLEGE NOTRE-DAME;RUE DU CALVAIRE  4;1300;WAVRE;1257;RUE DU CALVAIRE  4;1300;WAVRE
708;INSTITUT SAINT-JEAN-BAPTISTE;RUE DE BRUXELLES  45;1300;WAVRE;1258;RUE DE BRUXELLES  45;1300;WAVRE
712;COLLEGE TECHNIQUE SAINT-JEAN;RUE DU PONT-SAINT-JEAN  48;1300;WAVRE;1262;RUE DU PONT-SAINT-JEAN  48;1300;WAVRE
713;INSTITUT DE LA PROVIDENCE (1ER DEGRE);RUE DE NIVELLES  52;1300;WAVRE;1264;RUE DE NIVELLES  52;1300;WAVRE
3192;INSTITUT PROVINCIAL D'ENSEIGNEMENT SECONDAIRE;QUAI AUX HUITRES  31;1300;WAVRE;1278;QUAI AUX HUITRES  31;1300;WAVRE
710;'ECOLE INTERNATIONALE ''LE VERSEAU'' - E.L.C.E.';RUE DE WAVRE  60;1301;BIERGES;1261;RUE DE WAVRE  60;1301;BIERGES
668;COLLEGE NOTRE-DAME DES TROIS VALLEES - site Alix Le Clerc;RUE DU COUVENT  2;1332;GENVAL;1186;CHAUSSEE DE BRUXELLES  1;1310;LA HULPE
667;ATHENEE ROYAL DE RIXENSART;RUE ALBERT CROY  14;1330;RIXENSART;6275;RUE ALBERT CROY  14;1330;RIXENSART
668;COLLEGE NOTRE-DAME DES TROIS VALLEES - site N.D. des Anges;RUE DU COUVENT  2;1332;GENVAL;1187;RUE DU COUVENT  2;1332;GENVAL
747;ATHENEE ROYAL PAUL DELVAUX;AVENUE DES VILLAS  15;1340;OTTIGNIES;1319;AVENUE DES VILLAS  15;1340;OTTIGNIES
748;COLLEGE DU CHRIST-ROI;RUE DE RENIVAUX  25;1340;OTTIGNIES;1321;RUE DE RENIVAUX  25;1340;OTTIGNIES
747;ATHENEE ROYAL PAUL DELVAUX;AVENUE DES VILLAS  15;1340;OTTIGNIES;1320;RUE DE CLAIRVAUX  5;1348;LOUVAIN-LA-NEUVE
749;LYCEE MARTIN V ;RUE DU COLLEGE  3;1348;LOUVAIN-LA-NEUVE;1324;AVENUE DES ARTS  20;1348;LOUVAIN-LA-NEUVE
95375;COLLEGE DA VINCI;AVENUE DES TOURTERELLES 28;1360;PERWEZ;10281;AVENUE DES TOURTERELLES 28;1360;PERWEZ
616;ATHENEE ROYAL JODOIGNE;CHAUSSEE DE HANNUT  61;1370;JODOIGNE;1104;CHAUSSEE DE HANNUT  61;1370;JODOIGNE
620;INSTITUT SAINT-ALBERT;AVENUE FERNAND CHARLOT  35;1370;JODOIGNE;1113;AVENUE FERNAND CHARLOT  35;1370;JODOIGNE
622;C.E.P.E.S. CENTRE PROV. D'ENS. PRIM., SEC. ET PEDAGOG.;CHAUSSEE DE TIRLEMONT  85;1370;JODOIGNE;1115;CHAUSSEE DE TIRLEMONT  85;1370;JODOIGNE
641;ATHENEE ROYAL NIVELLES;AVENUE DU CENTENAIRE  34;1400;NIVELLES;1144;AVENUE DU CENTENAIRE  34;1400;NIVELLES
642;COLLEGE SAINTE-GERTRUDE;FAUBOURG DE MONS  1;1400;NIVELLES;1145;FAUBOURG DE MONS  1;1400;NIVELLES
644;INSTITUT DE L'ENFANT-JESUS LYCEE;RUE DE SOTRIAMONT  1;1400;NIVELLES;1147;RUE DE SOTRIAMONT  1;1400;NIVELLES
645;INSTITUT PROVINCIAL DES ARTS ET METIERS;RUE FERDINAND DELCROIX  33;1400;NIVELLES;1148;RUE FERDINAND DELCROIX  33;1400;NIVELLES
647;INSTITUT DU SACRE-COEUR;RUE SAINT-JEAN  2;1400;NIVELLES;1150;RUE SAINT-JEAN  2;1400;NIVELLES
648;INSTITUT PROVINCIAL D'ENSEIGNEMENT TECHNIQUE;RUE DU PARADIS  79 A;1400;NIVELLES;1151;RUE DU PARADIS  79 A;1400;NIVELLES
692;ATHENEE ROYAL DE WATERLOO;RUE DE LA STATION  118;1410;WATERLOO;1236;RUE DE LA STATION  118;1410;WATERLOO
693;LYCEE DE BERLAYMONT;DREVE D'ARGENTEUIL  10 C;1410;WATERLOO;1237;DREVE D'ARGENTEUIL  10 C;1410;WATERLOO
694;INSTITUT D' ENSEIGNEMENT SECONDAIRE DES SACRES-COEURS;PLACE ALBERT I ER;1410;WATERLOO;1238;PLACE ALBERT I ER;1410;WATERLOO
565;ATHENEE ROYAL RIVA-BELLA;SQUARE RIVA-BELLA;1420;BRAINE-L'ALLEUD;1011;SQUARE RIVA-BELLA;1420;BRAINE-L'ALLEUD
568;INSTITUT DE LA VALLEE BAILLY (Enseignement général);RUE DE LA VALLEE BAILLY  102;1420;BRAINE-L'ALLEUD;1017;RUE DE LA VALLEE BAILLY  102;1420;BRAINE-L'ALLEUD
571;INSTITUT DE LA VALLEE BAILLY (Enseignement technique);RUE DE LA VALLEE BAILLY  102;1420;BRAINE-L'ALLEUD;1022;RUE DE LA VALLEE BAILLY  102;1420;BRAINE-L'ALLEUD
576;CYCLE D'OBSERVATION AUTONOME CARDINAL MERCIER;CHAUSSEE DE MONT-SAINT-JEAN  83;1420;BRAINE-L'ALLEUD;1029;CHAUSSEE DE MONT-SAINT-JEAN  83;1420;BRAINE-L'ALLEUD
95383;COLLEGE SAINT-ETIENNE DES HAYEFFES;RUE DES HAYEFFES  33;1435;MONT-SAINT-GUIBERT;7451;RUE DES HAYEFFES  33;1435;MONT-SAINT-GUIBERT
679;INSTITUT PROVINCIAL D'ENSEIGNEMENT SECONDAIRE;CHAUSSEE DE MONS  241-243;1480;TUBIZE;1209;CHAUSSEE DE MONS  241-243;1480;TUBIZE
680;COLLEGE SAINT-FRANCOIS D'ASSISE;RUE DE MONS  74;1480;TUBIZE;1212;RUE DE MONS  74;1480;TUBIZE
589;COLLEGE SAINT-ETIENNE / CAMPUS SAINT-JEAN;AV PRISONNIERS DE GUERRE  36;1490;COURT-SAINT-ETIENNE;1050;AV PRISONNIERS DE GUERRE  36;1490;COURT-SAINT-ETIENNE
591;INSTITUT TECHNIQUE PROVINCIAL;PARC DE WISTERZEE;1490;COURT-SAINT-ETIENNE;1053;PARC DE WISTERZEE;1490;COURT-SAINT-ETIENNE
1994;ATHENEE ROYAL CHARLES ROGIER;RUE DES CLARISSES  13;4000;LIEGE;3917;RUE DES CLARISSES  13;4000;LIEGE
1997;INSTITUT SAINT-JOSEPH ET SAINTE-JULIENNE;RUE SAINTE-MARGUERITE  64;4000;LIEGE;3922;RUE SAINTE-MARGUERITE  64;4000;LIEGE
1998;LYCEE SAINT-JACQUES;RUE DARCHIS  35;4000;LIEGE;3923;RUE DARCHIS  35;4000;LIEGE
1999;CENTRE SCOLAIRE SAINTE-VERONIQUE - MARIE-JOSE;RUE RENNEQUIN SUALEM  15;4000;LIEGE;6320;RUE RENNEQUIN SUALEM  15;4000;LIEGE
2001;COLLEGE SAINT-BARTHELEMY;RUE HORS-CHATEAU  31;4000;LIEGE;3926;RUE HORS-CHATEAU  31;4000;LIEGE
2002;LYCEE SAINT-BENOIT - SAINT-SERVAIS D.O.A.;RUE LAMBERT LE BEGUE 44;4000;LIEGE;3928;RUE LAMBERT LE BEGUE 44;4000;LIEGE
2004;DAMES DE L'INSTRUCTION CHRETIENNE. COLLEGE;RUE SUR-LA-FONTAINE  70;4000;LIEGE;3930;RUE SUR-LA-FONTAINE  70;4000;LIEGE
2017;ECOLE D'HOTELLERIE ET DE TOURISME;RUE HORS-CHATEAU  13;4000;LIEGE;3964;RUE MAGHIN  54;4000;LIEGE
2020;INSTITUT SAINT-LAURENT;RUE SAINT-LAURENT  29;4000;LIEGE;3968;RUE SAINT-LAURENT  29;4000;LIEGE
2022;INSTITUT DON BOSCO;RUE DES WALLONS  59;4000;LIEGE;3978;RUE DES WALLONS  59;4000;LIEGE
2026;INSTITUT MARIE-THERESE;RUE DELFOSSE  25;4000;LIEGE;3994;RUE DELFOSSE  25;4000;LIEGE
2027;ATHENEE ROYAL FRAGNEE;RUE DE FRAGNEE  73;4000;LIEGE;7480;RUE DE FRAGNEE  73;4000;LIEGE
2038;'LYCEE TECHNIQUE PROVINCIAL ''JEAN BOETS''';RUE HULLOS  52;4000;LIEGE;4029;RUE HULLOS  52;4000;LIEGE
2040;CENTRE D'ENSEIGNEMENT SECONDAIRE LEONARD DEFRANCE;RUE DE L'ESPERANCE  62;4000;LIEGE;4033;RUE DE L'ESPERANCE  62;4000;LIEGE
2043;INSTITUT SAINT-JEAN BERCHMANS;RUE DES WALLONS  59;4000;LIEGE;4039;RUE DE HARLEZ  35;4000;LIEGE
2044;ATHENEE ROYAL DE  LIEGE ATLAS;QUAI SAINT-LEONARD  80;4000;LIEGE;4041;QUAI SAINT-LEONARD  80;4000;LIEGE
2073;INSTITUT SAINT-BARTHELEMY D.O.A.;RUE HORS-CHATEAU  31;4000;LIEGE;4161;RUE HORS-CHATEAU  31;4000;LIEGE
3157;INSTITUT SAINT-SEPULCRE;RUE GENERAL BERTRAND  14;4000;LIEGE;3931;RUE GENERAL BERTRAND  14;4000;LIEGE
5381;ATHENEE COMMUNAL LEONIE DE WAHA;BOULEVARD D AVROY 96;4000;LIEGE;3918;BOULEVARD D'AVROY  96;4000;LIEGE
1988;INSTITUT NOTRE-DAME DE JUPILLE;RUE CHARLEMAGNE  47;4020;JUPILLE-SUR-MEUSE;3907;RUE CHARLEMAGNE  47;4020;JUPILLE-SUR-MEUSE
1992;D.O.A. SAINT-LOUIS;RUE A. MAGIS  20;4020;LIEGE (BRESSOUX);3915;RUE A. MAGIS  20;4020;LIEGE (BRESSOUX)
1992;D.O.A. SAINT-LOUIS;RUE A. MAGIS  20;4020;LIEGE (BRESSOUX);7452;RUE BASSE-WEZ  85;4020;LIEGE (BRESSOUX)
1995;ATHENEE COMMUNAL MAURICE DESTENAY;BOULEVARD SAUCY  16;4020;LIEGE;3919;BOULEVARD SAUCY  16;4020;LIEGE
2009;CENTRE D'ENSEIGNEMENT SECONDAIRE LEON MIGNON;RUE LEON MIGNON  2;4000;LIEGE;4179;QUAI DU CONDROZ  15;4020;LIEGE
2019;ECOLE DE COIFFURE ET DE BIOESTHETIQUE;RUE DE PITTEURS  31;4020;LIEGE;3967;RUE DE PITTEURS  31;4020;LIEGE
2044;ATHENEE ROYAL DE  LIEGE ATLAS;QUAI SAINT-LEONARD  80;4000;LIEGE;3906;RUE DE BOIS DE BREUX;4020;JUPILLE-SUR-MEUSE
1981;INSTITUT MARIA GORETTI;RUE RENORY  101;4031;ANGLEUR;3899;RUE RENORY  101;4031;ANGLEUR
1984;ATHENEE ROYAL DE CHENEE;RUE BOURDON  32;4032;CHENEE;3903;RUE BOURDON  32;4032;CHENEE
1985;COLLEGE SAINT-JOSEPH;RUE SOEUR LUTGARDIS  4;4032;CHENEE;3904;RUE SOEUR LUTGARDIS  4;4032;CHENEE
1897;ATHENEE ROYAL DE HERSTAL;RUE JEAN LAMBERT SAUVEUR 59;4040;HERSTAL;3763;RUE JEAN LAMBERT SAUVEUR 59;4040;HERSTAL
1899;NOTRE-DAME SAINT LAMBERT ET SAINT-LAURENT - DOA;RUE ELISA DUMONCEAU  75;4040;HERSTAL;3766;RUE ELISA DUMONCEAU  75;4040;HERSTAL
1901;ECOLE POLYTECHNIQUE DE HERSTAL -  ENSEIGNEMENT DE LA PROVINCE DE LIEGE;RUE DE L'ECOLE TECHNIQUE  34;4040;HERSTAL;3769;RUE DE L'ECOLE TECHNIQUE  34;4040;HERSTAL
1902;INSTITUT PROVINCIAL D'ENSEIGNEMENT SECONDAIRE DE HERSTAL;RUE DU GRAND PUITS  66;4040;HERSTAL;3771;RUE DU GRAND PUITS  66;4040;HERSTAL
1855;COLLEGE EPISCOPAL DU SARTAY;RUE P. HENVARD  64;4053;EMBOURG;3695;RUE P. HENVARD  64;4053;EMBOURG
2123;ATHENEE ROYAL AIR PUR;RUE DES NATIONS-UNIES  1;4100;SERAING;4252;RUE DES NATIONS-UNIES  1;4100;SERAING
2124;ATHENEE ROYAL LUCIE DEJARDIN;RUE DE L'INDUSTRIE  127;4100;SERAING;4254;RUE DE L'INDUSTRIE  127;4100;SERAING
2125;COLLEGE SAINT-MARTIN - I.S.M. PAIRAY;RUE DE LA PROVINCE  101;4100;SERAING;4255;RUE DE LA PROVINCE  101;4100;SERAING
2125;COLLEGE SAINT-MARTIN - I.S.M. PAIRAY;RUE DE LA PROVINCE  101;4100;SERAING;4265;RUE DU CHENE  347;4100;SERAING
2128;ECOLE POLYTECHNIQUE DE SERAING - ENSEIGNEMENT DE LA PROVINCE DE LIEGE;RUE COLARD TROUILLET  48;4100;SERAING;4261;RUE COLARD TROUILLET  48;4100;SERAING
2129;INSTITUT SAINTE-MARIE;RUE COCKERILL  148;4100;SERAING;4264;RUE COCKERILL  148;4100;SERAING
2129;INSTITUT SAINTE-MARIE;RUE COCKERILL  148;4100;SERAING;4263;RUE ARNOLD DE LEXHY  57;4101;JEMEPPE-SUR-MEUSE
2133;INSTITUT PROVINCIAL D'ENSEIGNEMENT SECONDAIRE DE SERAING;QUAI DES CARMES  43;4101;JEMEPPE-SUR-MEUSE;4280;QUAI DES CARMES  43;4101;JEMEPPE-SUR-MEUSE
2124;ATHENEE ROYAL LUCIE DEJARDIN;RUE DE L'INDUSTRIE  127;4100;SERAING;4250;AVENUE DU CENTENAIRE  250;4102;OUGREE
1870;ATHENEE ROYAL D'ESNEUX;RUE DE L'ATHENEE  6;4130;ESNEUX;3722;RUE DE L'ATHENEE  6;4130;ESNEUX
1762;PETIT SEMINAIRE DE SAINT-ROCH;ALLEE DE BERNARDFAGNE  7;4190;FERRIERES;3510;ALLEE DE BERNARDFAGNE  7;4190;FERRIERES
2397;COLLEGE SAINTE-CROIX ET NOTRE-DAME D.O.A.;AVENUE PAUL BRIEN  4;4280;HANNUT;4812;AVENUE PAUL BRIEN  4;4280;HANNUT
2401;ATHENEE ROYAL HANNUT;RUE DE TIRLEMONT  22;4280;HANNUT;4824;RUE DE TIRLEMONT  22;4280;HANNUT
2415;ATHENEE ROYAL WAREMME;RUE GUSTAVE RENIER 1;4300;WAREMME;4857;RUE GUSTAVE RENIER 1;4300;WAREMME
2418;INSTITUT SAINT-LAURENT;RUE DU CASINO  6;4300;WAREMME;4864;RUE JOSEPH WAUTERS  41;4300;WAREMME
2419;INSTITUT PROVINCIAL D'ENSEIGNEMENT SECONDAIRE DE HESBAYE;RUE DE HUY  123;4300;WAREMME;4865;RUE DE HUY  123;4300;WAREMME
2419;INSTITUT PROVINCIAL D'ENSEIGNEMENT SECONDAIRE DE HESBAYE;RUE DE HUY  123;4300;WAREMME;4782;RUE JEAN STASSART 21 A;4367;CRISNEE
2215;ATHENEE PROVINCIAL DE FLEMALLE GUY LANG;GRAND'ROUTE  317;4400;FLEMALLE-HAUTE;4463;GRAND'ROUTE  317;4400;FLEMALLE-HAUTE
2101;ATHENEE ROYAL PAUL BRUSSON;RUE FELIX BERNARD  1;4420;SAINT-NICOLAS;4212;RUE FELIX BERNARD  1;4420;SAINT-NICOLAS
1827;COLLEGE SAINT-FRANCOIS D'ASSISE;RUE DU CIMETIERE  2;4430;ANS;7240;RUE WALTHERE JAMAR  223;4430;ANS
1826;ATHENEE ROYAL D'ANS;RUE GEORGES TRUFFAUT  37;4432;ALLEUR;3634;RUE GEORGES TRUFFAUT  37;4432;ALLEUR
2101;ATHENEE ROYAL PAUL BRUSSON;RUE FELIX BERNARD  1;4420;SAINT-NICOLAS;4412;RUE VINAVE;4460;GRACE-HOLLOGNE
2410;ATHENEE ROYAL DE SAINT-GEORGES-SUR-MEUSE;RUE ELOI FOUARGE  31;4470;SAINT-GEORGES-SUR-MEUSE;4844;RUE ELOI FOUARGE  31;4470;SAINT-GEORGES-SUR-MEUSE
1775;ATHENEE ROYAL DE HUY;QUAI D'ARONA  5;4500;HUY;3533;QUAI D'ARONA  5;4500;HUY
1777;COLLEGE SAINT-QUIRIN ;RUE ENTRE-DEUX-PORTES  75;4500;HUY;3537;RUE ENTRE-DEUX-PORTES  75;4500;HUY
1778;INSTITUT SAINTE-MARIE;RUE VANKEERBERGHEN  10-12;4500;HUY;3539;RUE VANKEERBERGHEN  10-12;4500;HUY
1779;ECOLE POLYTECHNIQUE DE HUY-ENSEIGNEMENT DE LA PROVINCE DE LIEGE;RUE SAINT-PIERRE  48;4500;HUY;3541;RUE SAINT-PIERRE  48;4500;HUY
1780;INSTITUT PROVINCIAL D'ENSEIGNEMENT SECONDAIRE DE HUY;AVENUE DELCHAMBRE  6;4500;HUY;3542;AVENUE DELCHAMBRE  6;4500;HUY
1781;INSTITUT DON BOSCO;RUE DES COTILLAGES  2;4500;HUY;3547;RUE DES COTILLAGES  2;4500;HUY
1787;INSTITUT TECHNIQUE DE LA COMMUNAUTE FRANCAISE;RUE SAINT-VICTOR  5;4500;HUY;3560;RUE SAINT-VICTOR  5;4500;HUY
1802;INSTITUT LIBRE DU CONDROZ SAINT-FRANCOIS (section Val Notre-Dame);RUE DU PERRON  31;4590;OUFFET;3588;RUE DU VAL NOTRE-DAME  396;4520;ANTHEIT
1751;INSTITUT DE L'INSTRUCTION CHRETIENNE-ABBAYE DE FLONE;CHAUSSEE ROMAINE  2;4540;FLONE;3482;CHAUSSEE ROMAINE  2;4540;FLONE
1792;ATHENEE ROYAL PRINCE BAUDOUIN;RUE DU FOURNEAU  40;4570;MARCHIN;3568;RUE DU FOURNEAU  40;4570;MARCHIN
1801;ATHENEE ROYAL D'OUFFET;RUE MOGNEE  21;4590;OUFFET;3586;RUE MOGNEE  21;4590;OUFFET
1802;INSTITUT LIBRE DU CONDROZ SAINT-FRANCOIS;RUE DU PERRON  31;4590;OUFFET;3587;RUE DU PERRON  31;4590;OUFFET
2174;ATHENEE ROYAL VISE;RUE DU GOLLET  2;4600;VISE;4373;RUE DU GOLLET  2;4600;VISE
2175;D.O.A. SAINT-HADELIN;RUE SAINT-HADELIN  15;4600;VISE;4375;RUE SAINT-HADELIN  15;4600;VISE
2175;D.O.A. SAINT-HADELIN;RUE SAINT-HADELIN  15;4600;VISE;6723;RUE DE LA TRAIRIE 27;4600;VISE
2175;D.O.A. SAINT-HADELIN;RUE SAINT-HADELIN  15;4600;VISE;6724;RUE DE LA CROIX ROUGE 12;4600;VISE
1881;CENTRE SCOLAIRE SAINTE-JULIENNE (D1);AVENUE DES MARTYRS  246;4620;FLERON;3739;RUE SAINT-LAURENT  37;4620;FLERON
2159;ATHENEE ROYAL SOUMAGNE;RUE DES PRAIRIES  30;4630;SOUMAGNE;4344;RUE DES PRAIRIES  30;4630;SOUMAGNE
2247;COLLEGE PROVIDENCE I - D.O.A.;AVENUE REINE ASTRID  9;4650;HERVE;4519;AVENUE REINE ASTRID  9;4650;HERVE
2249;COLLEGE PROVIDENCE II D.O.A.;AVENUE REINE ASTRID  9;4650;HERVE;4521;AVENUE REINE ASTRID  9;4650;HERVE
2334;ATHENEE ROYAL THIL LORRAIN VERVIERS I;RUE THIL LORRAIN  1-3;4800;VERVIERS;4676;RUE THIL LORRAIN  1-3;4800;VERVIERS
2337;CENTRE SCOLAIRE SAINT-FRANCOIS-XAVIER;RUE DE ROME  18;4800;VERVIERS;4682;RUE DE ROME  18;4800;VERVIERS
2338;INSTITUT SAINT-MICHEL D.O.A.;RUE DU COLLEGE  126;4800;VERVIERS;4683;RUE DU COLLEGE  126;4800;VERVIERS
2339;ECOLE POLYTECHNIQUE DE VERVIERS - ENSEIGNEMENT DE LA PROVINCE DE LIEGE;RUE AUX LAINES  69;4800;VERVIERS;4685;RUE AUX LAINES  69;4800;VERVIERS
2344;INSTITUT D'ENSEIGNEMENT TECHNIQUE DON BOSCO;RUE DES ALLIES  64;4800;VERVIERS;4695;RUE DES ALLIES  70;4800;VERVIERS
2347;INSTITUT SAINT-FRANCOIS-XAVIER;RUE DE FRANCORCHAMPS  12;4800;VERVIERS;4698;RUE DE FRANCORCHAMPS  12;4800;VERVIERS
2354;ATHENEE ROYAL VERDI;RUE DES WALLONS  57;4800;VERVIERS;4717;RUE DES WALLONS  57;4800;VERVIERS
2355;INSTITUT PROVINCIAL D'ENSEIGNEMENT SECONDAIRE DE VERVIERS;RUE PELTZER DE CLERMONT  104;4800;VERVIERS;4718;RUE PELTZER DE CLERMONT  104;4800;VERVIERS
2356;INSTITUT SAINTE-CLAIRE;RUE SECHEVAL  32;4800;VERVIERS;4720;RUE SECHEVAL  32;4800;VERVIERS
2335;INSTITUT NOTRE-DAME;AVENUE JEAN TASTE  38;4802;HEUSY;4677;AVENUE JEAN TASTE  38;4802;HEUSY
2365;ATHENEE ROYAL DE WELKENRAEDT;RUE GERARD DELVOYE  2;4840;WELKENRAEDT;4741;RUE GERARD DELVOYE  2;4840;WELKENRAEDT
2366;INSTITUT SAINT-JOSEPH;RUE DE L'EGLISE  33;4840;WELKENRAEDT;4742;RUE DE L'EGLISE  33;4840;WELKENRAEDT
2377;COLLEGE NOTRE-DAME;RUE DE MORESNET  157;4851;GEMMENICH;4764;RUE DE MORESNET  157;4851;GEMMENICH
2354;ATHENEE ROYAL VERDI;RUE DES WALLONS  57;4800;VERVIERS;4584;RUE DES JARDINS  4;4860;PEPINSTER
2284;ATHENEE ROYAL ET ECOLE D'HOTELLERIE DE SPA;RUE DES CAPUCINS  8;4900;SPA;4593;RUE DES CAPUCINS  8;4900;SPA
2309;INSTITUT SAINT-ROCH D.O.A.;MARCHE  2;4910;THEUX;4640;MARCHE  2;4910;THEUX
2310;INSTITUT PROVINCIAL D'ENSEIGNEMENT AGRONOMIQUE;RUE DU CANADA  157;4910;LA REID;4641;RUE DU CANADA  157;4910;LA REID
1837;ATHENEE ROYAL AYWAILLE;AVENUE FRANCOIS CORNESSE  48;4920;AYWAILLE;3659;AVENUE FRANCOIS CORNESSE  48;4920;AYWAILLE
1839;CENTRE SCOLAIRE SAINT-JOSEPH - SAINT-RAPHAEL D1;AVENUE DE LA PORALLEE  40;4920;SOUGNE-REMOUCHAMPS;3661;RUE MAGRITE  20;4920;SOUGNE-REMOUCHAMPS
2361;ATHENEE ROYAL WAIMES;RUE DES HETRES  2 A;4950;WAIMES;4735;RUE DES HETRES  2 A;4950;WAIMES
2272;ATHENEE ROYAL ARDENNE - HAUTES FAGNES;ROUTE DE FALIZE  21;4960;MALMEDY;4560;ROUTE DE FALIZE  21;4960;MALMEDY
2273;INSTITUT NOTRE-DAME;RUE DERRIERE LA GARE  12;4960;MALMEDY;4561;RUE DERRIERE LA GARE  12;4960;MALMEDY
2272;ATHENEE ROYAL ARDENNE - HAUTES FAGNES;ROUTE DE FALIZE  21;4960;MALMEDY;4617;HAUTE LEVEE  3;4970;STAVELOT
2292;COLLEGE SAINT-REMACLE D.O.A.;AVENUE FERDINAND NICOLAY  35;4970;STAVELOT;4618;AVENUE FERDINAND NICOLAY  35;4970;STAVELOT
2292;COLLEGE SAINT-REMACLE D.O.A.;AVENUE FERDINAND NICOLAY  35;4970;STAVELOT;7269;AVENUE DE LA SALM 17;4980;TROIS-PONTS
2989;INSTITUT SAINT-LOUIS;RUE PEPIN  7;5000;NAMUR;5929;RUE PEPIN  7;5000;NAMUR
2991;ETABLISSEMENT DES SŒURS DE NOTRE-DAME;RUE DU LOMBARD  41;5000;NAMUR;5933;RUE DU LOMBARD  41;5000;NAMUR
2992;COMMUNAUTE SCOLAIRE SAINTE-MARIE;RUE DU PRESIDENT  28;5000;NAMUR;5934;RUE DU PRESIDENT  28;5000;NAMUR
2998;INSTITUT TECHNIQUE DE LA COMMUNAUTE FRANCAISE;RUE DU 4 E GENIE  2;5000;NAMUR;5948;RUE DU 4 E GENIE  2;5000;NAMUR
2999;INSTITUT TECHNIQUE ;RUE ASTY MOULIN  60;5000;NAMUR;5950;RUE ASTY MOULIN  60;5000;NAMUR
3001;INSTITUT SAINTE-URSULE;RUE DE BRUXELLES  78;5000;NAMUR;5928;RUE DE BRUXELLES  78;5000;NAMUR
3002;INSTITUT ILON SAINT-JACQUES;RUE DES CARMES  12;5000;NAMUR;5956;RUE DES CARMES  12;5000;NAMUR
3010;INSTITUT D'ENS. DES ARTS,TECHNIQUES,SCIENCES ET ARTISANAT -  I.A.T.A.;RUE DE LA MONTAGNE  43 A;5000;NAMUR;5973;RUE DE LA MONTAGNE  43 A;5000;NAMUR
95330;ATHENEE ROYAL DE NAMUR;RUE DU COLLEGE  8;5000;NAMUR;5926;RUE LELIEVRE  10;5000;NAMUR
2980;INSTITUT SAINT-BERTHUIN;RUE FOND DE MALONNE  129;5020;MALONNE;5918;RUE FOND DE MALONNE  129;5020;MALONNE
3020;INSTITUT DE LA PROVIDENCE;PLACE DU COUVENT  3;5020;CHAMPION;5988;PLACE DU COUVENT  3;5020;CHAMPION
3071;ATHENEE ROYAL GEMBLOUX;RUE GUSTAVE DOCQ  26;5030;GEMBLOUX;6104;RUE GUSTAVE DOCQ  26;5030;GEMBLOUX
3074;COLLEGE SAINT-GUIBERT D.O.A.;PLACE DE L'ORNEAU  21;5030;GEMBLOUX;6107;PLACE DE L'ORNEAU  21;5030;GEMBLOUX
3075;INSTITUT TECHNIQUE DE LA COMMUNAUTE FRANCAISE;RUE VERLAINE  5;5030;GEMBLOUX;6109;RUE VERLAINE  5;5030;GEMBLOUX
3047;ATHENEE ROYAL TAMINES;AVENUE PRESIDENT ROOSEVELT  57;5060;TAMINES;6043;AVENUE PRESIDENT ROOSEVELT  57;5060;TAMINES
3049;COMMUNAUTE EDUCATIVE SAINT-JEAN-BAPTISTE;RUE DU COLLEGE  27;5060;TAMINES;6047;RUE DU COLLEGE  27;5060;TAMINES
3057;COLLEGE SAINT-ANDRE (enseignement technique et professionnel);RUE DES AUGES  22;5060;SAMBREVILLE;6070;RUE DU VOISIN  124;5060;AUVELAIS
3058;COLLEGE SAINT-ANDRE (enseignement général);RUE DES AUGES  22;5060;SAMBREVILLE;6071;RUE DES AUGES  22;5060;SAMBREVILLE
3057;COLLEGE SAINT-ANDRE (enseignement technique et professionnel);RUE DES AUGES  22;5060;SAMBREVILLE;8332;PLACE DU CHAPITRE  4;5070;FOSSES-LA-VILLE
2965;ATHENEE ROYAL DE JAMBES;RUE DE GERONSART  150;5100;JAMBES;5891;RUE DE GERONSART  150;5100;JAMBES
2968;INSTITUT SAINTE MARIE;CHAUSSEE DE LIEGE  246;5100;JAMBES;5894;CHAUSSEE DE LIEGE  246;5100;JAMBES
2969;INSTITUT SAINT-JOSEPH;RUE MAZY  20;5100;JAMBES;5895;RUE MAZY  20;5100;JAMBES
2973;COLLEGE SAINT-SERVAIS;RUE DE LA PEPINIERE  101;5002;SAINT-SERVAIS;5908;CHAUSSEE DE WATERLOO 52;5100;JAMBES
2977;COLLEGE NOTRE-DAME DE LA PAIX;PLACE NOTRE-DAME DE LA PAIX  1;5101;ERPENT;5914;PLACE NOTRE-DAME DE LA PAIX  1;5101;ERPENT
2920;SEMINAIRE DE FLOREFFE;RUE DU SEMINAIRE  7;5150;FLOREFFE;5788;RUE DU SEMINAIRE  7;5150;FLOREFFE
5143;COLLEGE DE GODINNE-BURNOT D.O.A.;CARREFOUR DE L'EUROPE  3;5530;GODINNE;6957;ROUTE DE FLOREFFE  26;5170;PROFONDEVILLE
3084;ATHENEE ROYAL BAUDOUIN I ER;RUE FRANCOIS HITTELET  89;5190;JEMEPPE-SUR-SAMBRE;6125;RUE FRANCOIS HITTELET  89;5190;JEMEPPE-SUR-SAMBRE
2894;ATHENEE ROYAL JEAN TOUSSEUL;RUE ADELINE HENIN  4;5300;ANDENNE;5738;RUE ADELINE HENIN  4;5300;ANDENNE
2895;INSTITUT PROVINCIAL ENSEIGNEMENT SECONDAIRE;RUE FRANCOIS JASSOGNE  2 A;5300;SEILLES;5741;RUE FRANCOIS JASSOGNE  2A;5300;SEILLES
2896;INSTITUT SAINTE-BEGGE;PLACE DU CHAPITRE  12;5300;ANDENNE;5742;PLACE DU CHAPITRE  12;5300;ANDENNE
2915;CENTRE SCOLAIRE SAINT-JOSEPH ET SAINT-HUBERT;RUE DU COLLEGE  4;5310;EGHEZEE;5780;RUE DU COLLEGE  4;5310;EGHEZEE
3007;INSTITUT TECHNIQUE DE LA COMMUNAUTE FRANCAISE HENRI MAUS - site « Yannick Leroy »;PLACE DE L'ECOLE DES CADETS  4;5000;NAMUR;5966;CHAUSSEE DE LOUVAIN  92;5310;EGHEZEE
2823;ATHENEE ROYAL ADOLPHE SAX;RUE SAINT-PIERRE  90;5500;DINANT;5585;RUE SAINT-PIERRE  90;5500;DINANT
2824;COLLEGE NOTRE-DAME DE BELLEVUE;RUE DE BONSECOURS  2;5500;DINANT;5586;RUE DE BONSECOURS  2;5500;DINANT
2827;'COMMUNAUTE SCOLAIRE LIBRE GEORGES COUSOT ''Institut Cousot''';PLACE DU ROI ALBERT IER  11;5500;DINANT;5594;PLACE DU ROI ALBERT IER  11;5500;DINANT
5143;COLLEGE DE GODINNE-BURNOT D.O.A.;CARREFOUR DE L'EUROPE  3;5530;GODINNE;6956;CARREFOUR DE L'EUROPE  3;5530;GODINNE
2787;COLLEGE SAINT-BENOIT DE MAREDSOUS;RUE DE MAREDSOUS  12;5537;DENEE;5514;RUE DE MAREDSOUS  12;5537;DENEE
2792;ATHENEE ROYAL NORBERT COLLARD;RUE DE DINANT  23;5570;BEAURAING;5528;RUE DE DINANT  23;5570;BEAURAING
2793;INSTITUT NOTRE-DAME;RUE DE GIVET  21;5570;BEAURAING;5530;RUE DE GIVET  21;5570;BEAURAING
2794;INSTITUT NOTRE-DAME DU SACRE-COEUR;RUE DE ROCHEFORT  92;5570;BEAURAING;5531;RUE DE ROCHEFORT  92;5570;BEAURAING
2865;ATHENEE ROYAL ROCHEFORT-JEMELLE;RUE JACQUET  102;5580;ROCHEFORT;5670;RUE JACQUET  102;5580;ROCHEFORT
2866;INSTITUT JEAN XXIII;RUE DE LA SAUVENIERE  7;5580;ROCHEFORT;5671;RUE DE LA SAUVENIERE  7;5580;ROCHEFORT
2805;ATHENEE ROYAL DU CONDROZ JULES DELOT;SQUARE OMER BERTRAND  1;5590;CINEY;5557;SQUARE OMER BERTRAND  1;5590;CINEY
2806;ECOLE PROVINCIALE D'AGRONOMIE ET DES SCIENCES DE CINEY - HUMANITES TECHNIQUES ET PROFESSIONNELLES;DOMAINE DE SAINT-QUENTIN ;5590;CINEY;5558;DOMAINE DE SAINT-QUENTIN ;5590;CINEY
2807;INSTITUT SAINT-JOSEPH ENSEIGNEMENT GENERAL;RUE SAINT-HUBERT  14-16;5590;CINEY;5559;RUE SAINT-HUBERT  14-16;5590;CINEY
2808;INSTITUT DE LA PROVIDENCE;RUE PICONETTE  1;5590;CINEY;5560;RUE PICONETTE  1;5590;CINEY
2809;INSTITUT SAINT-JOSEPH - ENSEIGNEMENT TECHNIQUE;RUE SAINT-HUBERT  14-16;5590;CINEY;5561;RUE SAINT-HUBERT  14-16;5590;CINEY
3131;'ATHENEE ROYAL ''JEAN ROSTAND'' DE PHILIPPEVILLE';AVENUE DE SAMART  2 B;5600;PHILIPPEVILLE;6224;AVENUE DE SAMART  2 B;5600;PHILIPPEVILLE
3132;INSTITUT NOTRE-DAME;RUE EGLISE SAINT-PHILIPPE 10 A;5600;PHILIPPEVILLE;6225;RUE EGLISE SAINT-PHILIPPE 10 A;5600;PHILIPPEVILLE
3117;ATHENEE ROYAL FLORENNES;RUE DES ECOLES  21;5620;FLORENNES;6200;RUE DES ECOLES  21;5620;FLORENNES
3121;INSTITUT SAINT-JOSEPH D.O.A.;RUE DE CORENNES  1;5620;FLORENNES;6206;RUE DE CORENNES  1;5620;FLORENNES
1073;COLLEGE SAINT-AUGUSTIN;AVENUE REINE ASTRID  13;6280;GERPINNES;2089;RUE DE LA THYRIA  16;5651;THY-LE-CHATEAU
3104;INSTITUT SAINTE-MARIE;RUE NOIRET  6;5660;COUVIN;6726;RUE NOIRET  6;5660;COUVIN
3107;ATHENEE ROYAL JEAN REY;LA CROISETTE  1;5660;COUVIN;6164;RUE ADOLPHE GOUTTIER  11;5660;COUVIN
3117;ATHENEE ROYAL FLORENNES;RUE DES ECOLES  21;5620;FLORENNES;6179;RUE MARTIN SANDRON  141;5680;DOISCHE
908;ATHENEE ROYAL VAUBAN;RUE EMILE TUMELAIRE  12;6000;CHARLEROI;1657;RUE EMILE TUMELAIRE  12;6000;CHARLEROI
909;ATHENEE ROYAL ERNEST SOLVAY;BOULEVARD EMILE DEVREUX  27;6000;CHARLEROI;1658;BOULEVARD EMILE DEVREUX  27;6000;CHARLEROI
910;INSTITUT SAINT JOSEPH;BOULEVARD DE L'YSER  12;6000;CHARLEROI;1659;BOULEVARD DE L'YSER  12;6000;CHARLEROI
911;CENTRE SCOLAIRE DU SACRE-COEUR;BOULEVARD AUDENT  58;6000;CHARLEROI;1661;BOULEVARD AUDENT  58;6000;CHARLEROI
912;INSTITUT NOTRE-DAME;RUE DE MARCINELLE  41;6000;CHARLEROI;1662;RUE DE MARCINELLE  41;6000;CHARLEROI
920;INSTITUT D'ENSEIGNEMENT TECHNIQUE NOTRE-DAME;RUE DE LA SCIENCE  52;6000;CHARLEROI;1678;RUE DE LA SCIENCE  52;6000;CHARLEROI
921;INSTITUT SAINT-ANDRE;RUE DU PARC  6;6000;CHARLEROI;1680;RUE DU PARC  6;6000;CHARLEROI
923;UNIVERSITE DU TRAVAIL - INSTITUT D'ENSEIGNEMENT TECHNIQUE SECONDAIRE;BOULEVARD GUSTAVE ROULLIER  1;6000;CHARLEROI;1685;BOULEVARD GUSTAVE ROULLIER  1;6000;CHARLEROI
926;UNIVERSITE DU TRAVAIL - INSTITUT JEAN JAURES;RUE DE LA BROUCHETERRE  52 B;6000;CHARLEROI;1691;RUE DE LA BROUCHETERRE  52 B;6000;CHARLEROI
983;'CENTRE EDUCATIF COMMUNAL SECONDAIRE ''LA GARENNE''';RUE DE LODELINSART  200;6000;CHARLEROI;1852;RUE DE LODELINSART  200;6000;CHARLEROI
95331;COLLEGE DES AUMONIERS DU TRAVAIL DE CHARLEROI;GRAND'RUE  185;6000;CHARLEROI;1672;RUE JULES DESTREE  69;6000;CHARLEROI
954;ATHENEE ROYAL JULES DESTREE;RUE DES HAIES  76;6001;MARCINELLE;1773;RUE DES HAIES  76;6001;MARCINELLE
980;CENTRE EDUCATIF COMMUNAL SECONDAIRE DE COUILLET-MARCINELLE;ROUTE DE PHILIPPEVILLE  304;6010;COUILLET;1844;RUE DES FORGERONS  106;6001;MARCINELLE
980;CENTRE EDUCATIF COMMUNAL SECONDAIRE DE COUILLET-MARCINELLE;ROUTE DE PHILIPPEVILLE  304;6010;COUILLET;1842;ROUTE DE PHILIPPEVILLE  304;6010;COUILLET
950;ATHENEE ROYAL YVONNE VIESLET;RUE DES REMPARTS  35;6030;MARCHIENNE-AU-PONT;1761;RUE DES REMPARTS  35;6030;MARCHIENNE-AU-PONT
95313;COLLEGE DES ETOILES;RUE DE LA GRENOUILLETTE 2 G ;1130;HAREN;10289;RUE DE JUMET 175;6030;MARCHIENNE-AU-PONT
5862;COLLEGE DE L'ALLIANCE;RUE DE MONS 106;6031;MONCEAU-SUR-SAMBRE;8204;RUE DE MONS 106;6031;MONCEAU-SUR-SAMBRE
940;ATHENEE ROYAL ORSINI DEWERPE;RUE GENDEBIEN  1;6040;JUMET;1738;RUE GENDEBIEN  1;6040;JUMET
941;CENTRE SCOLAIRE SAINT-JOSEPH - NOTRE-DAME;RUE EMILE STRIMELLE  1;6040;JUMET;1739;RUE EMILE STRIMELLE  1;6040;JUMET
710;'ECOLE INTERNATIONALE ''LE VERSEAU'' - E.L.C.E.';RUE DE WAVRE  60;1301;BIERGES;1774;RUE DOM BERLIERE 7;6041;GOSSELIES
932;ATHENEE ROYAL LES MARLAIRES;RUE DE LA PROVIDENCE  12;6041;GOSSELIES;1725;RUE DE LA PROVIDENCE  12;6041;GOSSELIES
933;INSTITUT DE LA PROVIDENCE HUMANITES ;FAUBOURG DE BRUXELLES  105;6041;GOSSELIES;1726;FAUBOURG DE BRUXELLES  105;6041;GOSSELIES
934;COLLEGE SAINT-MICHEL;FAUBOURG DE CHARLEROI  15;6041;GOSSELIES;1727;FAUBOURG DE CHARLEROI  15;6041;GOSSELIES
936;INSTITUT SAINTE-ANNE;RUE CIRCULAIRE  5;6041;GOSSELIES;1733;RUE CIRCULAIRE  5;6041;GOSSELIES
945;ATHENEE ROYAL GILLY;RUE DU CALVAIRE  20;6060;GILLY;1752;RUE DU CALVAIRE  20;6060;GILLY
946;LYCEE MIXTE FRANCOIS DE SALES (G et T);RUE DES VALLEES  18;6060;GILLY;1754;RUE DES VALLEES  18;6060;GILLY
967;INSTITUT PROVINCIAL D'ENSEIGNEMENT SECONDAIRE PARAMEDICAL;RUE DE LA SAMARITAINE  14;6061;MONTIGNIES-SUR-SAMBRE;1810;RUE DE LA SAMARITAINE  14;6061;MONTIGNIES-SUR-SAMBRE
1057;ATHENEE ROYAL LOUIS DELATTRE;RUE DE L'ATHENEE 32;6140;FONTAINE-L'EVEQUE;2035;RUE DE L'ATHENEE 32;6140;FONTAINE-L'EVEQUE
95333;INSTITUT SAINTE-MARIE;RUE DE L'ENSEIGNEMENT  1;6140;FONTAINE-L'EVEQUE;2040;RUE DE L'ENSEIGNEMENT  1;6140;FONTAINE-L'EVEQUE
1093;ATHENEE ROYAL PONT-A-CELLES;RUE DE L'EGLISE  107 B;6230;PONT-A-CELLES;9737;RUE DES CLOUTIERS;6183;TRAZEGNIES
998;ATHENEE ROYAL PIERRE PAULUS;RUE DES GAUX  100;6200;CHATELET;1895;RUE DES GAUX  100;6200;CHATELET
999;ATHENEE ROYAL RENE MAGRITTE;RUE DU COLLEGE  16;6200;CHATELET;1898;RUE DU COLLEGE  16;6200;CHATELET
1000;INSTITUT SAINTE-MARIE;RUE NEUVE  26;6200;CHATELET;1899;RUE NEUVE  26;6200;CHATELET
1002;INSTITUT SAINT-JOSEPH;PLACE JEAN GUYOZ 1;6200;CHATELET;1903;PLACE JEAN GUYOZ 1;6200;CHATELET
1004;INSTITUT SAINTE-MARIE;PLACE D'ARENBERG  20;6200;CHATELINEAU;8198;RUE LLOYD GEORGE  10;6200;CHATELINEAU
1005;COLLEGE SAINT PIE X;RUE LLOYD GEORGE  15;6200;CHATELINEAU;1911;RUE LLOYD GEORGE  15;6200;CHATELINEAU
1106;INSTITUT SAINTE-MARIE;RUE DE L'EGLISE  7;6210;REVES;2175;RUE DE L'EGLISE  7;6210;REVES
1045;ATHENEE ROYAL JOURDAN;RUE DE FLEURJOUX  3;6220;FLEURUS;2001;RUE DE FLEURJOUX  3;6220;FLEURUS
1046;INSTITUT NOTRE-DAME;RUE DE BRUXELLES  97;6220;FLEURUS;2002;RUE DE BRUXELLES  97;6220;FLEURUS
3049;COMMUNAUTE EDUCATIVE SAINT-JEAN-BAPTISTE;RUE DU COLLEGE  27;5060;TAMINES;2012;RUE DES DAMES  5;6224;WANFERCEE-BAULET
1093;ATHENEE ROYAL PONT-A-CELLES;RUE DE L'EGLISE  107 B;6230;PONT-A-CELLES;2147;RUE DE L'EGLISE  107 B;6230;PONT-A-CELLES
923;UNIVERSITE DU TRAVAIL - INSTITUT D'ENSEIGNEMENT TECHNIQUE SECONDAIRE;BOULEVARD GUSTAVE ROULLIER  1;6000;CHARLEROI;1965;RUE DU PUITS COMMUNAL  114;6240;FARCIENNES
1072;INSTITUT NOTRE-DAME DE LOVERVAL;ROUTE DE PHILIPPEVILLE  35;6280;LOVERVAL;2087;ROUTE DE PHILIPPEVILLE  35;6280;LOVERVAL
1073;COLLEGE SAINT-AUGUSTIN;AVENUE REINE ASTRID  13;6280;GERPINNES;2088;AVENUE REINE ASTRID  13;6280;GERPINNES
1525;ATHENEE ROYAL DE CHIMAY;RUE DE NOAILLES  3;6460;CHIMAY;3073;RUE DE NOAILLES  3;6460;CHIMAY
1526;COLLEGE SAINT-JOSEPH;RUE DE VIRELLES  75;6460;CHIMAY;3074;RUE DE VIRELLES  75;6460;CHIMAY
1606;INSTITUT TECHNIQUE DE LA COMMUNAUTE FRANCAISE DAVID LACHMAN;RUE PAULINE HUBERT  40;6470;RANCE;3206;RUE PAULINE HUBERT  40;6470;RANCE
1493;ATHENEE ROYAL BEAUMONT;RUE GERMAIN MICHIELS  3;6500;BEAUMONT;3006;RUE GERMAIN MICHIELS  3;6500;BEAUMONT
1494;INSTITUT PARIDAENS;GRAND'PLACE  12;6500;BEAUMONT;3008;GRAND'PLACE  12;6500;BEAUMONT
1569;ATHENEE ROYAL THUIN;DREVE DES ALLIES  11;6530;THUIN;3140;DREVE DES ALLIES  11;6530;THUIN
1570;INSTITUT NOTRE-DAME;GRAND'RUE  68;6530;THUIN;3141;GRAND'RUE  68;6530;THUIN
1538;INSTITUT D'ENSEIGNEMENT TECHNIQUE DE LA COMMUNAUTE FRANCAISE;RUE ALBERT 1ER   21;6560;ERQUELINNES;3097;RUE ALBERT 1ER   21;6560;ERQUELINNES
1540;ECOLE D'ARTS ET METIERS;RUE SAINTE-THERESE  47;6560;ERQUELINNES;3100;RUE SAINTE-THERESE  47;6560;ERQUELINNES
2506;ATHENEE ROYAL DE BASTOGNE - HOUFFALIZE;AVENUE DE LA GARE  12;6600;BASTOGNE;5047;AVENUE DE LA GARE  12;6600;BASTOGNE
2509;INSTITUT COMMUNAL D'ENSEIGNEMENT TECHNIQUE;RUE DES REMPARTS  57;6600;BASTOGNE;5052;RUE DES REMPARTS  57;6600;BASTOGNE
2514;INSTITUT NOTRE-DAME SEMINAIRE 1ER  DEGRE;RUE DES ECOLES  20;6600;BASTOGNE;5061;RUE DES ECOLES  20;6600;BASTOGNE
2506;ATHENEE ROYAL DE BASTOGNE - HOUFFALIZE;AVENUE DE LA GARE  12;6600;BASTOGNE;5085;RUE DU STOQUEUX 2;6660;HOUFFALIZE
2541;INSTITUT DU SACRE-COEUR;RUE DES CHARS A BOEUFS  12;6690;VIELSALM;5098;RUE DES CHARS A BOEUFS  12;6690;VIELSALM
2544;ATHENEE ROYAL VIELSALM - MANHAY;LES GRANDS CHAMPS  18A;6690;VIELSALM;5106;LES GRANDS CHAMPS  18A;6690;VIELSALM
2460;ATHENEE ROYAL ARLON;RUE DE SESSELICH  83;6700;ARLON;4956;RUE DE SESSELICH  83;6700;ARLON
2462;INSTITUT SAINTE-MARIE -ENSEIGNEMENT SECONDAIRE;RUE DE BASTOGNE  33;6700;ARLON;4958;RUE DE BASTOGNE  33;6700;ARLON
2463;INSTITUT NOTRE-DAME (D1);RUE JOSEPH NETZER  21;6700;ARLON;4959;RUE JOSEPH NETZER  21;6700;ARLON
2465;INSTITUT CARDIJN LORRAINE - Enseignement technique et professionnel;RUE DE NEUFCHATEAU  69;6700;ARLON;4962;RUE DE NEUFCHATEAU  69;6700;ARLON
2467;INSTITUT TECHNIQUE DE LA COMMUNAUTE FRANCAISE ETIENNE LENOIR;CHEMIN DE WEYLER  2;6700;ARLON;4966;CHEMIN DE WEYLER  2;6700;ARLON
2776;CENTRE SCOLAIRE SAINT-BENOIT 1ER DEGRE;AVENUE DE LA GARE  68;6720;HABAY-LA-NEUVE;5497;AVENUE DE LA GARE  68;6720;HABAY-LA-NEUVE
2756;ATHENEE ROYAL NESTOR OUTER;FAUBOURG D'ARIVAL  48;6760;VIRTON;5455;FAUBOURG D'ARIVAL  48;6760;VIRTON
2757;COLLEGE NOTRE-DAME DU BONLIEU;RUE CHANOINE CROUSSE  1;6760;VIRTON;5457;RUE CHANOINE CROUSSE  1;6760;VIRTON
2758;INSTITUT DE LA SAINTE-FAMILLE;RUE DE MONTMEDY  2;6760;VIRTON;5458;RUE DE MONTMEDY  2;6760;VIRTON
2762;INSTITUT DES ARTS ET METIERS;RUE D'ARLON  112;6760;VIRTON;5464;RUE D'ARLON  112;6760;VIRTON
2487;INSTITUT CARDIJN LORRAINE - Enseignement général;RUE LUTTGENS  10;6791;ATHUS;6563;RUE DE L'INSTITUT  15;6780;MESSANCY
2487;INSTITUT CARDIJN LORRAINE - Enseignement général;RUE LUTTGENS  10;6791;ATHUS;5011;RUE LUTTGENS  10;6791;ATHUS
2490;ATHENEE ROYAL ATHUS;RUE NEUVE  32;6791;ATHUS;5015;RUE NEUVE  32;6791;ATHUS
2710;INSTITUT SAINT-JOSEPH - ECOLE TECHNIQUE BERTRIX (E.G.);RUE DE BONANCE  11;6800;LIBRAMONT-CHEVIGNY;5370;RUE DE BONANCE  11;6800;LIBRAMONT-CHEVIGNY
2712;INSTITUT TECHNIQUE DE LA COMMUNAUTE FRANCAISE;AVENUE HERBOFIN  39;6800;LIBRAMONT-CHEVIGNY;5375;AVENUE HERBOFIN  39;6800;LIBRAMONT-CHEVIGNY
2721;ATHENEE ROYAL GERMAIN ET GILBERT GILSON;RUE DE L'INSTITUT  47;6810;IZEL;5393;RUE DE L'INSTITUT  47;6810;IZEL
2738;INSTITUT SAINTE-ANNE;RUE DE LA STATION  2;6820;FLORENVILLE;5420;RUE DE LA STATION  2;6820;FLORENVILLE
2636;ATHENEE ROYAL DE BOUILLON - PALISEUL;RUE DU COLLEGE  35;6830;BOUILLON;5259;RUE DU COLLEGE  35;6830;BOUILLON
2637;INSTITUT SAINTE-MARIE ;RUE GEORGES LORAND  3;6830;BOUILLON;5260;RUE GEORGES LORAND  3;6830;BOUILLON
2665;ATHENEE ROYAL DE NEUFCHATEAU - BERTRIX;AVENUE DE LA VICTOIRE  28;6840;NEUFCHATEAU;5303;AVENUE DE LA VICTOIRE  28;6840;NEUFCHATEAU
2667;INSTITUT SAINT-MICHEL;PLACE DU CHATEAU  3;6840;NEUFCHATEAU;5307;PLACE DU CHATEAU  3;6840;NEUFCHATEAU
2680;INSTITUT SAINT-JOSEPH;AVENUE ARTHUR TAGNON  1;6850;CARLSBOURG;5323;AVENUE ARTHUR TAGNON  1;6850;CARLSBOURG
95345;ECOLE SECONDAIRE LIBRE SAINT-HUBERT;RUE SAINT-GILLES  41;6870;SAINT-HUBERT;5340;RUE SAINT-GILLES  41;6870;SAINT-HUBERT
2626;INSTITUT NOTRE-DAME;RUE DE BURHAIMONT  11;6880;BERTRIX;5242;RUE DE BURHAIMONT  11;6880;BERTRIX
2665;ATHENEE ROYAL DE NEUFCHATEAU - BERTRIX;AVENUE DE LA VICTOIRE  28;6840;NEUFCHATEAU;5241;RUE DU GIBET  50;6880;BERTRIX
2710;INSTITUT SAINT-JOSEPH - ECOLE TECHNIQUE BERTRIX - Ens. tech. et prof.;RUE DE BONANCE  11;6800;LIBRAMONT-CHEVIGNY;5243;RUE DE LA RETRAITE  1;6880;BERTRIX
2593;ATHENEE ROYAL MARCHE-BOMAL;AVENUE DE LA TOISON D'OR  71;6900;MARCHE-EN-FAMENNE;5186;AVENUE DE LA TOISON D'OR  71;6900;MARCHE-EN-FAMENNE
2594;INSTITUT SAINTE-JULIE - DOA;RUE AMERICAINE  28;6900;MARCHE-EN-FAMENNE;8105;RUE AMERICAINE 28;6900;MARCHE-EN-FAMENNE
2693;COLLEGE D'ALZON;RUE DE HAN  1;6927;BURE;5351;RUE DE HAN  1;6927;BURE
2563;INSTITUT DU SACRE-COEUR;EN CHAROTTE  28;6940;BURE;5143;EN CHAROTTE  28;6940;BURE
2593;ATHENEE ROYAL MARCHE-BOMAL;AVENUE DE LA TOISON D'OR  71;6900;MARCHE-EN-FAMENNE;5141;RUE DU NOFIOT  1;6941;BOMAL-SUR-OURTHE
2544;ATHENEE ROYAL VIELSALM - MANHAY;LES GRANDS CHAMPS  18A;6690;VIELSALM;5230;RUE DU PRE DES FOSSES  7;6960;MANHAY
2586;ATHENEE ROYAL DE LA ROCHE-EN-ARDENNE;RUE DES EVETS  4;6980;LA ROCHE-EN-ARDENNE;5171;RUE DES EVETS  4;6980;LA ROCHE-EN-ARDENNE
2587;INSTITUT SAINT-JOSEPH- SACRE-COEUR;VIEILLE ROUTE DE BEAUSAINT  22;6980;LA ROCHE-EN-ARDENNE;5172;RUE DE BEAUSAINT  19;6980;LA ROCHE-EN-ARDENNE
1192;ATHENEE ROYAL MONS I;RUE DE L'ATHENEE  4;7000;MONS;2331;RUE DE L'ATHENEE  4;7000;MONS
1193;ATHENEE ROYAL MARGUERITE BERVOETS;AVENUE VICTOR MAISTRIAU  11;7000;MONS;2333;AVENUE VICTOR MAISTRIAU  11;7000;MONS
1199;CENTRE SCOLAIRE SAINT-STANISLAS;RUE DES DOMINICAINS  15;7000;MONS;2351;RUE DES DOMINICAINS  15;7000;MONS
1203;INSTITUT DE LA SAINTE-FAMILLE;AVENUE DU TIR  12;7000;MONS;2362;AVENUE DU TIR  12;7000;MONS
1205;ECOLE DU FUTUR;RUE DES ETAMPES  2;7000;MONS;2367;RUE DES ETAMPES  2;7000;MONS
1207;INSTITUT TECHNIQUE DES URSULINES;AVENUE DU TIR  12;7000;MONS;2370;AVENUE DU TIR  12;7000;MONS
1229;ATHENEE PROVINCIAL JEAN D'AVESNES;AV DU GOUVERNEUR E. CORNEZ  1;7000;MONS;2429;AV DU GOUVERNEUR E. CORNEZ  1;7000;MONS
1230;INSTITUT SAINT-LUC;RUE SAINT-LUC 3;7000;MONS;2430;RUE SAINT-LUC 3;7000;MONS
1231;INSTITUT DU SACRE - COEUR ;RUE DES DOMINICAINS  9;7000;MONS;2431;RUE DES DOMINICAINS  9;7000;MONS
1194;INSTITUT SAINT-FERDINAND;AVENUE MARECHAL FOCH  824;7012;JEMAPPES;2336;AVENUE MARECHAL FOCH  824;7012;JEMAPPES
1464;ATHENEE ROYAL JULES BORDET;BLD FRANKLIN ROOSEVELT  27;7060;SOIGNIES;2946;BLD FRANKLIN ROOSEVELT  27;7060;SOIGNIES
1468;COLLEGE SAINT-VINCENT 1e degré;CHAUSSEE DE BRAINE  22;7060;SOIGNIES;2952;CHEMIN DE NIVELLES  7 B;7060;SOIGNIES
1469;LYCEE PROVINCIAL DES SCIENCES ET DES TECHNOLOGIES;RUE DE LA STATION  59;7060;SOIGNIES;2954;RUE COGNEBEAU 52B;7060;SOIGNIES
1429;INSTITUT SAINT-JOSEPH D.O.A.;RUE GUSTAVE BOEL  55;7100;LA LOUVIERE;6433;GRAND'PLACE  12;7070;LE ROEULX
1145;INSTITUT DU SACRE-COEUR;RUE DES DAMES  77;7080;FRAMERIES;2250;RUE DES DAMES  77;7080;FRAMERIES
1361;INSTITUT TECHNIQUE SAINT-GABRIEL;RUE DE MONS  80;7090;BRAINE-LE-COMTE;2734;RUE DE MONS  80;7090;BRAINE-LE-COMTE
1363;INSTITUT NOTRE-DAME DE BONNE-ESPERANCE;RUE DES POSTES  101;7090;BRAINE-LE-COMTE;2742;RUE DES POSTES  101;7090;BRAINE-LE-COMTE
1464;ATHENEE ROYAL JULES BORDET;BLD FRANKLIN ROOSEVELT  27;7060;SOIGNIES;2729;CHEMIN DE FELUY  2;7090;BRAINE-LE-COMTE
1411;ATHENEE ROYAL LA LOUVIERE;RUE DE BOUVY  15;7100;LA LOUVIERE;2840;RUE DU TEMPLE  1;7100;LA LOUVIERE
1414;INSTITUT PROVINCIAL D'ENSEIGNEMENT SECONDAIRE LEON HUREZ;RUE BONNE ESPERANCE  1;7100;LA LOUVIERE;2845;RUE BONNE ESPERANCE  1;7100;LA LOUVIERE
1418;INSTITUT SAINTE-MARIE;RUE DE BOUVY  35;7100;LA LOUVIERE;2850;RUE DE BOUVY  35;7100;LA LOUVIERE
1419;ATHENEE PROVINCIAL;BOULEVARD DU TIVOLI  2 B;7100;LA LOUVIERE;2851;BOULEVARD DU TIVOLI  2 B;7100;LA LOUVIERE
1429;INSTITUT SAINT-JOSEPH D.O.A.;RUE GUSTAVE BOEL  55;7100;LA LOUVIERE;2869;RUE GUSTAVE BOEL  55;7100;LA LOUVIERE
1432;INSTITUT PROVINCIAL DE NURSING DU CENTRE;RUE E. MILCAMPS  13 B - B.P.95;7100;LA LOUVIERE;2880;RUE E. MILCAMPS  13 B - B.P.95;7100;LA LOUVIERE
1579;SEMINAIRE DE BONNE-ESPERANCE;RUE GREGOIRE JURION  22;7120;ESTINNES;3160;RUE GREGOIRE JURION  22;7120;ESTINNES
1506;ATHENEE ROYAL DE BINCHE;PLACE DES DROITS DE L'HOMME 16;7130;BINCHE;3039;PLACE DES DROITS DE L'HOMME 16;7130;BINCHE
1507;COLLEGE NOTRE-DAME  DE BON SECOURS;RUE DE MERBES  25;7130;BINCHE;3040;RUE DE MERBES  25;7130;BINCHE
1508;INSTITUT PROVINCIAL D'ENSEIGNEMENT CHARLES DELIEGE;RUE DES ARCHERS  12;7130;BINCHE;3041;RUE DES ARCHERS  12;7130;BINCHE
1594;ATHENEE PROVINCIAL MIXTE WAROCQUE;RUE DE L'ENSEIGNEMENT  8-10;7140;MORLANWELZ;3188;RUE DE L'ENSEIGNEMENT  8-10;7140;MORLANWELZ
1595;INSTITUT TECHNIQUE DE LA COMMUNAUTE FRANCAISE;RUE RAOUL WAROCQUE  46;7140;MORLANWELZ-MARIEMONT;3189;RUE RAOUL WAROCQUE  46;7140;MORLANWELZ-MARIEMONT
1508;INSTITUT PROVINCIAL D'ENSEIGNEMENT CHARLES DELIEGE;RUE DES ARCHERS  12;7130;BINCHE;6429;PLACE  53;7141;CARNIERES
1594;ATHENEE PROVINCIAL MIXTE WAROCQUE;RUE DE L'ENSEIGNEMENT  8-10;7140;MORLANWELZ;2112;RUE DU PARC  20;7160;CHAPELLE-LEZ-HERLAIMONT
1080;INSTITUT SAINT-THERESE;GRAND'RUE  79;7170;MANAGE;2106;GRAND'RUE  79;7170;MANAGE
1594;ATHENEE PROVINCIAL MIXTE WAROCQUE;RUE DE L'ENSEIGNEMENT  8-10;7140;MORLANWELZ;2110;RUE DU PARC  25;7170;LA HESTRE
1116;INSTITUT TECHNIQUE ET COMMERCIAL DES AUMONIERS DU TRAVAIL;RUE DE CARAMAN  13;7300;BOUSSU;2194;RUE DE CARAMAN  13;7300;BOUSSU
95194;LYCEE PROVINCIAL HORNU COLFONTAINE;AVENUE FENELON  48;7340;PATURAGES;2201;ROUTE DE VALENCIENNES  58;7301;HORNU
1264;ATHENEE ROYAL SAINT-GHISLAIN;AVENUE DE L'ENSEIGNEMENT  20;7330;SAINT-GHISLAIN;2502;AVENUE DE L'ENSEIGNEMENT  20;7330;SAINT-GHISLAIN
1265;LYCEE DE LA COMMUNAUTE FRANCAISE CHARLES PLISNIER;RUE DU SAS  75;7330;SAINT-GHISLAIN;2503;RUE DU SAS  75;7330;SAINT-GHISLAIN
1266;COLLEGE SAINTE-MARIE;RUE DU PORT  115-117;7330;SAINT-GHISLAIN;2505;RUE DU PORT  115-117;7330;SAINT-GHISLAIN
1267;LYCEE PROVINCIAL D'ENSEIGNEMENT TECHNIQUE DU HAINAUT;AVENUE DE L'ENSEIGNEMENT  45;7330;SAINT-GHISLAIN;2508;AVENUE DE L'ENSEIGNEMENT  45;7330;SAINT-GHISLAIN
1269;INSTITUT SAINT-JOSEPH;AVENUE DE L'ENSEIGNEMENT  10;7330;SAINT-GHISLAIN;2511;AVENUE DE L'ENSEIGNEMENT  10;7330;SAINT-GHISLAIN
1145;INSTITUT DU SACRE-COEUR;RUE DES DAMES  77;7080;FRAMERIES;2251;RUE D'ORLEANS  12;7340;PATURAGES
95194;LYCEE PROVINCIAL HORNU COLFONTAINE;AVENUE FENELON  48;7340;PATURAGES;2553;AVENUE FENELON  48;7340;COLFONTAINE
1133;ATHENEE ROYAL DOUR;RUE DE L'ATHENEE  23;7370;DOUR;2230;RUE DE L'ATHENEE  23;7370;DOUR
1134;INSTITUT LA SAINTE-UNION;RUE DU ROI ALBERT  10;7370;DOUR;2231;RUE DU ROI ALBERT  10;7370;DOUR
1250;ATHENEE ROYAL DE QUIEVRAIN;RUE DEBAST  26;7380;QUIEVRAIN;2473;RUE DEBAST  26;7380;QUIEVRAIN
1243;INSTITUT COMMUNAL D'ENSEIGNEMENT SECONDAIRE;(DOMAINE DU PARC) GRAND'PLACE;7390;QUAREGNON;2458;(DOMAINE DU PARC) GRAND'PLACE;7390;QUAREGNON
1696;ATHENEE ROYAL JULES BARA;RUE DUQUESNOY  24;7500;TOURNAI;3354;RUE DUQUESNOY  24;7500;TOURNAI
1697;ATHENEE ROYAL ROBERT CAMPIN;RUE DU CHATEAU  18;7500;TOURNAI;3356;RUE DU CHATEAU  18;7500;TOURNAI
1698;COLLEGE NOTRE-DAME;RUE DES AUGUSTINS  30;7500;TOURNAI;3357;RUE DES AUGUSTINS  30;7500;TOURNAI
1699;INSTITUT DES URSULINES - LA MADELEINE - ULM - La Madeleine;RUE DES CARMES  10;7500;TOURNAI;3358;RUE DES CARMES  10;7500;TOURNAI
1706;CENTRE EDUCATIF DE LA SAINTE-UNION;CHAUSSEE DE LILLE  12;7500;TOURNAI;3369;RUE DES CAMPEAUX  41;7500;TOURNAI
1708;INSTITUT D'ENSEIGNEMENT SECONDAIRE PROVINCIAL PARAMEDICAL;RUE DE LA LYS  1;7500;TOURNAI;3397;CHAUSSEE DE LILLE  1;7500;TOURNAI
1709;INSTITUT NOTRE-DAME ;RUE DU FOUR CHAPITRE  3;7500;TOURNAI;3377;RUE DU FOUR CHAPITRE  3;7500;TOURNAI
1711;INSTITUT PROVINCIAL D'ENSEIGNEMENT SECONDAIRE;BOULEVARD LEOPOLD  92 B;7500;TOURNAI;3362;RUE SAINTE-CATHERINE  32;7500;TOURNAI
3236;INSTITUT DON BOSCO;BOULEVARD LEOPOLD  63;7500;TOURNAI;3371;BOULEVARD LEOPOLD  63;7500;TOURNAI
95265;INSTITUT TECHNIQUE DE LA COMMUNAUTE FRANCAISE VAL - ITMA;CHAUSSEE DE LILLE  2;7500;TOURNAI;3368;CHAUSSEE DE LILLE  2;7500;TOURNAI
1695;INSTITUT SAINT-ANDRE;CHAUSSEE DE TOURNAI  57;7520;RAMEGNIES-CHIN;3353;CHAUSSEE DE TOURNAI  57;7520;RAMEGNIES-CHIN
3206;INSTITUT SAINT-LUC;CHAUSSEE DE TOURNAI  7;7520;RAMEGNIES-CHIN;3351;CHAUSSEE DE TOURNAI  7;7520;RAMEGNIES-CHIN
1688;COLLEGE NOTRE-DAME DE LA TOMBE;RUE ABBE DROPSY  2;7540;KAIN;3342;RUE ABBE DROPSY  2;7540;KAIN
1689;INSTITUT DE LA SAINTE-UNION;RUE MONTGOMERY  71;7540;KAIN;3343;RUE MONTGOMERY  71;7540;KAIN
1635;ATHENEE ROYAL PERUWELZ;RUE DES FRANCAIS  31;7600;PERUWELZ;3265;RUE DES FRANCAIS  31;7600;PERUWELZ
1636;INSTITUT SAINT-CHARLES;RUE PONT-A-LA-FAULX  66;7600;PERUWELZ;3266;RUE PONT-A-LA-FAULX  66;7600;PERUWELZ
1336;INSTITUT SAINT-CHARLES;PLACE DE LA RESISTANCE  10;7711;DOTTIGNIES;2660;RUE CURIALE  7;7700;LUINGNE
1341;COLLEGE SAINTE-MARIE D.O.A.;RUE DE TOURNAI  17;7700;MOUSCRON;2671;RUE DE TOURNAI  17;7700;MOUSCRON
1342;INSTITUT DU SACRE-CŒUR;RUE DU VAL  43;7700;MOUSCRON;2673;RUE DU VAL  43;7700;MOUSCRON
95264;ATHENEE ROYAL THOMAS EDISON MOUSCRON;PLACE DE LA JUSTICE  1;7700;MOUSCRON;2668;RUE DU MIDI  15;7700;MOUSCRON
95332;COLLEGE TECHNIQUE SAINT-HENRI ;AVENUE ROYALE  50;7700;MOUSCRON;2714;AVENUE ROYALE  50;7700;MOUSCRON
1336;INSTITUT SAINT-CHARLES;PLACE DE LA RESISTANCE  10;7711;DOTTIGNIES;2661;PLACE DE LA RESISTANCE  10;7711;DOTTIGNIES
1337;INSTITUT COMMUNAL D'ENSEIGNEMENT TECHNIQUE;RUE DE FRANCE  65;7711;DOTTIGNIES;2662;RUE DE FRANCE  65;7711;DOTTIGNIES
1337;INSTITUT COMMUNAL D'ENSEIGNEMENT TECHNIQUE;RUE DE FRANCE  65;7711;DOTTIGNIES;7430;RUE DE LASSUS  20;7712;HERSEAUX
1309;ATHENEE ROYAL FERNAND JACQUEMIN;CHAUSSEE DE WARNETON  26;7780;COMINES;2614;CHAUSSEE DE WARNETON  26;7780;COMINES
1312;INSTITUT SAINT-HENRI;RUE DU COMMERCE  21;7780;COMINES;2617;RUE DU COMMERCE  21;7780;COMINES
95344;COLLEGE DE LA LYS;RUE ROMAINE  40;7780;COMINES;2616;RUE DE WARNETON  1;7780;COMINES
778;ATHENEE ROYAL ATH;RUE DES RECOLLETS  9;7800;ATH;1388;RUE DES RECOLLETS  9;7800;ATH
779;INSTITUT TECHNIQUE;BOULEVARD DU CHATEAU 12;7800;ATH;1389;BOULEVARD DU CHATEAU 12;7800;ATH
780;INSTITUT PROVINCIAL D'ENSEIGNEMENT SECONDAIRE;RUE PAUL PASTUR  11;7800;ATH;1390;RUE DES RECOLETS  14;7800;ATH
782;INSTITUT SAINT-FRANCOIS DE SALES;RUE DU GOUVERNEMENT  7;7800;ATH;7408;RUE DU GOUVERNEMENT  7;7800;ATH
783;COLLEGE SAINT-JULIEN;RUE DU SPECTACLE  1;7800;ATH;1395;RUE DU SPECTACLE  1;7800;ATH
3226;INSTITUT TECHNIQUE DE LA COMMUNAUTE FRANCAISE RENEE JOFFROY;CHAUSSEE DE VALENCIENNES  48;7801;IRCHONWELZ;1400;CHAUSSEE DE VALENCIENNES  48;7801;IRCHONWELZ
1441;COLLEGE VISITATION - LA BERLIERE - enseignement général;PARVIS SAINT-PIERRE  13;7860;LESSINES;1386;ROUTE DE FRASNES  243;7812;HOUTAING
1371;ATHENEE ROYAL D'ENGHIEN;RUE MONTGOMERY  73;7850;ENGHIEN;2759;RUE MONTGOMERY  73;7850;ENGHIEN
1372;MAISON SAINT-AUGUSTIN (DOA);CHAUSSEE D'ATH  1;7850;ENGHIEN;2760;CHAUSSEE D'ATH  1;7850;ENGHIEN
1440;ATHENEE ROYAL RENE MAGRITTE;RUE FRANCOIS WATTERMAN  27;7860;LESSINES;2901;RUE FRANCOIS WATTERMAN  27;7860;LESSINES
1441;COLLEGE VISITATION - LA BERLIERE-enseignement technique et professionnel + D1;PARVIS SAINT-PIERRE  13;7860;LESSINES;2902;PARVIS SAINT-PIERRE  13;7860;LESSINES
1735;INSTITUT D'ENSEIGNEMENT TECHNIQUE SAINT-ELOI;TOUR SAINT-PIERRE  11;7900;LEUZE-EN-HAINAUT;3450;TOUR SAINT-PIERRE  11;7900;LEUZE-EN-HAINAUT
1736;ATHENEE PROVINCIAL;RUE DU REMPART  16;7900;LEUZE-EN-HAINAUT;3452;RUE DU REMPART  16;7900;LEUZE-EN-HAINAUT
1738;COLLEGE SAINT-ELOI;TOUR SAINT-PIERRE  11;7900;LEUZE-EN-HAINAUT;3457;TOUR SAINT-PIERRE  11;7900;LEUZE-EN-HAINAUT
827;ATHENEE ROYAL LUCIENNE TELLIER;CHEMIN DU CARNOIS  32 A;7910;ANVAING;1481;CHEMIN DU CARNOIS  32 A;7910;ANVAING